,time,rt
0,0.0,0.034
1,0.0027412280701754384,0.03343931262420328
2,0.005482456140350877,0.033163480245626646
3,0.008223684210526315,0.03265157286100972
4,0.010964912280701754,0.0316085719362312
5,0.013706140350877192,0.03360549561112578
6,0.01644736842105263,0.03259647696049341
7,0.019188596491228067,0.03518292571292725
8,0.021929824561403508,0.03692558752647447
9,0.024671052631578948,0.03569701819002823
10,0.027412280701754384,0.036704721009779576
11,0.03015350877192982,0.038341757801535016
12,0.03289473684210526,0.037838496671904163
13,0.0356359649122807,0.03761860425740133
14,0.038377192982456135,0.03644290920738892
15,0.041118421052631575,0.03843335203848093
16,0.043859649122807015,0.03848578856936422
17,0.046600877192982455,0.04032005394057804
18,0.049342105263157895,0.04019371178869889
19,0.05208333333333333,0.04064858491146826
20,0.05482456140350877,0.04294909678144164
21,0.05756578947368421,0.04268832260367893
22,0.06030701754385964,0.04173799764439367
23,0.06304824561403509,0.040044472881727515
24,0.06578947368421052,0.04296087088815523
25,0.06853070175438596,0.04335836791064121
26,0.0712719298245614,0.041932315687301526
27,0.07401315789473684,0.04181113919278952
28,0.07675438596491227,0.0409414971243705
29,0.07949561403508772,0.040456547265309215
30,0.08223684210526315,0.0395758228076256
31,0.0849780701754386,0.03829544237815064
32,0.08771929824561403,0.038714671377063074
33,0.09046052631578946,0.038586125976825036
34,0.09320175438596491,0.03801376809456543
35,0.09594298245614034,0.039637072104684014
36,0.09868421052631579,0.04149519968545349
37,0.10142543859649122,0.03583695823597563
38,0.10416666666666666,0.03507894742130198
39,0.1069078947368421,0.03307554383879063
40,0.10964912280701754,0.029911359958481896
41,0.11239035087719297,0.030203351205762976
42,0.11513157894736842,0.028743004649189646
43,0.11787280701754385,0.028775342824575178
44,0.12061403508771928,0.030704702316006287
45,0.12335526315789473,0.028839940818877193
46,0.12609649122807018,0.03090195930371699
47,0.1288377192982456,0.03292325475027714
48,0.13157894736842105,0.03316511458907501
49,0.13432017543859648,0.034289191125204246
50,0.1370614035087719,0.034100033583368404
51,0.13980263157894737,0.033049077820796156
52,0.1425438596491228,0.031575807965539715
53,0.14528508771929824,0.028332755835601426
54,0.14802631578947367,0.027113051334302425
55,0.1507675438596491,0.025677090542490053
56,0.15350877192982454,0.02976808167235339
57,0.15625,0.03150867911552757
58,0.15899122807017543,0.03095950111153986
59,0.16173245614035087,0.029760507987571162
60,0.1644736842105263,0.0275625719418969
61,0.16721491228070173,0.02749556454855333
62,0.1699561403508772,0.02773825877402302
63,0.17269736842105263,0.027505693284430272
64,0.17543859649122806,0.027406633927680522
65,0.1781798245614035,0.02569441277424578
66,0.18092105263157893,0.02471685560906714
67,0.1836622807017544,0.027257508184852564
68,0.18640350877192982,0.027000093349006906
69,0.18914473684210525,0.02617742642645698
70,0.1918859649122807,0.02576711718176858
71,0.19462719298245612,0.026138882002173867
72,0.19736842105263158,0.02497008649378196
73,0.20010964912280702,0.025784389521955962
74,0.20285087719298245,0.024776649561342307
75,0.20559210526315788,0.023639424505930304
76,0.20833333333333331,0.021569515296812655
77,0.21107456140350875,0.02023051030628861
78,0.2138157894736842,0.019335131268784434
79,0.21655701754385964,0.020759770430477057
80,0.21929824561403508,0.020079854598270594
81,0.2220394736842105,0.020469059604133148
82,0.22478070175438594,0.01910951173032881
83,0.2275219298245614,0.018633544687969784
84,0.23026315789473684,0.018179141215567757
85,0.23300438596491227,0.018107753853106593
86,0.2357456140350877,0.018040881033577417
87,0.23848684210526314,0.01879057903626846
88,0.24122807017543857,0.019248897856203703
89,0.24396929824561403,0.019219362697154088
90,0.24671052631578946,0.018488203708135816
91,0.2494517543859649,0.01915139462493757
92,0.25219298245614036,0.019219984920610337
93,0.25493421052631576,0.018708333820125125
94,0.2576754385964912,0.01802107189725354
95,0.26041666666666663,0.016945518692537645
96,0.2631578947368421,0.01765330073457336
97,0.26589912280701755,0.018192795858372426
98,0.26864035087719296,0.019043351179818126
99,0.2713815789473684,0.019483473738759652
100,0.2741228070175438,0.02077444012513318
101,0.2768640350877193,0.02062920207459053
102,0.27960526315789475,0.02008603382261933
103,0.28234649122807015,0.022494169921705352
104,0.2850877192982456,0.02191602149481231
105,0.287828947368421,0.022145183453140333
106,0.2905701754385965,0.02098892757796709
107,0.29331140350877194,0.019710275102428464
108,0.29605263157894735,0.017347694888899083
109,0.2987938596491228,0.015314239082631954
110,0.3015350877192982,0.015935696447427025
111,0.3042763157894737,0.014146972231850501
112,0.3070175438596491,0.01340167517175461
113,0.30975877192982454,0.01281454126762662
114,0.3125,0.011628865539408739
115,0.3152412280701754,0.009738075584208986
116,0.31798245614035087,0.010312543557899569
117,0.32072368421052627,0.010471785276096322
118,0.32346491228070173,0.00883364495229219
119,0.3262061403508772,0.009839709485135146
120,0.3289473684210526,0.009846398003275317
121,0.33168859649122806,0.009321782035659415
122,0.33442982456140347,0.009560648192293087
123,0.3371710526315789,0.010775299795243717
124,0.3399122807017544,0.010230495876843052
125,0.3426535087719298,0.010853600940070452
126,0.34539473684210525,0.011367444026503989
127,0.34813596491228066,0.01154937461859163
128,0.3508771929824561,0.010482333441589171
129,0.3536184210526316,0.011501277214950534
130,0.356359649122807,0.011234725887025673
131,0.35910087719298245,0.010046928764094116
132,0.36184210526315785,0.010192191925399103
133,0.3645833333333333,0.010729441003864712
134,0.3673245614035088,0.009990182877758515
135,0.3700657894736842,0.009159726075555773
136,0.37280701754385964,0.008253315583262363
137,0.37554824561403505,0.007593765476961112
138,0.3782894736842105,0.0074994544726092495
139,0.38103070175438597,0.007210624387172455
140,0.3837719298245614,0.006682353409193891
141,0.38651315789473684,0.005990560624032504
142,0.38925438596491224,0.006962925923007812
143,0.3919956140350877,0.007106695838946678
144,0.39473684210526316,0.006863242274585074
145,0.39747807017543857,0.006090341391962123
146,0.40021929824561403,0.005951523985076387
147,0.40296052631578944,0.005732446093577212
148,0.4057017543859649,0.005721538761642011
149,0.4084429824561403,0.0061016949669617975
150,0.41118421052631576,0.00705320448585043
151,0.4139254385964912,0.007015622134708311
152,0.41666666666666663,0.008839183107417856
153,0.4194078947368421,0.00863574861341571
154,0.4221491228070175,0.006816742764681748
155,0.42489035087719296,0.00666566089201025
156,0.4276315789473684,0.006829128090051809
157,0.4303728070175438,0.006849252646789428
158,0.4331140350877193,0.006883085372214849
159,0.4358552631578947,0.008682602917496162
160,0.43859649122807015,0.008937820366343326
161,0.4413377192982456,0.008745768710774095
162,0.444078947368421,0.008222571666971398
163,0.4468201754385965,0.009003336836273038
164,0.4495614035087719,0.009644092885719355
165,0.45230263157894735,0.009938146390394394
166,0.4550438596491228,0.011296268460992437
167,0.4577850877192982,0.011953323880704825
168,0.4605263157894737,0.011104736485452417
169,0.4632675438596491,0.010484145209431566
170,0.46600877192982454,0.011605649257757316
171,0.46875,0.01089050184387958
172,0.4714912280701754,0.010366708867251627
173,0.47423245614035087,0.010262231068171401
174,0.47697368421052627,0.011427235730771325
175,0.47971491228070173,0.011861609582510087
176,0.48245614035087714,0.012092117679380022
177,0.4851973684210526,0.010860018852264924
178,0.48793859649122806,0.01154426912837638
179,0.49067982456140347,0.01232112505900202
180,0.4934210526315789,0.011495314924305385
181,0.49616228070175433,0.013203247400220107
182,0.4989035087719298,0.013271784671061288
183,0.5016447368421052,0.012301774823118785
184,0.5043859649122807,0.009379236295872695
185,0.5071271929824561,0.00960344991360476
186,0.5098684210526315,0.009109171281094766
187,0.512609649122807,0.008670286946026683
188,0.5153508771929824,0.007228490323363442
189,0.5180921052631579,0.008116287294152662
190,0.5208333333333333,0.00757755461588946
191,0.5235745614035088,0.007919449330750524
192,0.5263157894736842,0.007870946013170427
193,0.5290570175438596,0.007723998683698154
194,0.5317982456140351,0.00890407834434103
195,0.5345394736842105,0.008306144695163683
196,0.5372807017543859,0.009026730224470663
197,0.5400219298245613,0.007974929993912252
198,0.5427631578947368,0.008425669248908503
199,0.5455043859649122,0.008877734257128794
200,0.5482456140350876,0.009779615822892317
201,0.5509868421052632,0.01056999383788929
202,0.5537280701754386,0.010450502974013195
203,0.556469298245614,0.011225773179992371
204,0.5592105263157895,0.011228389269191003
205,0.5619517543859649,0.01044077923181721
206,0.5646929824561403,0.010501307961330902
207,0.5674342105263157,0.010371484788962182
208,0.5701754385964912,0.011017339930403729
209,0.5729166666666666,0.01122173824155381
210,0.575657894736842,0.01111024688386799
211,0.5783991228070176,0.010274990530725867
212,0.581140350877193,0.011866263461103341
213,0.5838815789473684,0.011778176695797666
214,0.5866228070175439,0.012638019707451851
215,0.5893640350877193,0.012757546592040338
216,0.5921052631578947,0.012158786153465084
217,0.5948464912280701,0.00992015707878793
218,0.5975877192982456,0.009906988838278447
219,0.600328947368421,0.010609481425107823
220,0.6030701754385964,0.010967397944569756
221,0.6058114035087719,0.010839517115143693
222,0.6085526315789473,0.010913529308643973
223,0.6112938596491228,0.008770918020529123
224,0.6140350877192982,0.008045053118634543
225,0.6167763157894737,0.007212252921713136
226,0.6195175438596491,0.007033291351130914
227,0.6222587719298245,0.005203304540794542
228,0.625,0.00607772889538144
229,0.6277412280701754,0.005886798595807848
230,0.6304824561403508,0.006140682693014591
231,0.6332236842105263,0.005777231799943602
232,0.6359649122807017,0.00499042664750633
233,0.6387061403508771,0.003991073544287107
234,0.6414473684210525,0.00420669975005322
235,0.6441885964912281,0.004653651822052899
236,0.6469298245614035,0.004046608520011449
237,0.6496710526315789,0.003903594931324413
238,0.6524122807017544,0.003039564469113894
239,0.6551535087719298,0.002717127168080094
240,0.6578947368421052,0.0035500232865928673
241,0.6606359649122807,0.0031707073761931097
242,0.6633771929824561,0.0035524667712469207
243,0.6661184210526315,0.0037198419412268185
244,0.6688596491228069,0.0034443369303484247
245,0.6716008771929824,0.004487216285918644
246,0.6743421052631579,0.004861168333970858
247,0.6770833333333333,0.005222086197166813
248,0.6798245614035088,0.005697983440105447
249,0.6825657894736842,0.005899797361618101
250,0.6853070175438596,0.006479878748340016
251,0.6880482456140351,0.005236409308976508
252,0.6907894736842105,0.005389453578924792
253,0.6935307017543859,0.006425044792199608
254,0.6962719298245613,0.006644008061341973
255,0.6990131578947368,0.007276355746078815
256,0.7017543859649122,0.007338707516784279
257,0.7044956140350876,0.006921194888002079
258,0.7072368421052632,0.007949522232584943
259,0.7099780701754386,0.00893696456383254
260,0.712719298245614,0.008065296429550228
261,0.7154605263157894,0.008522686368722776
262,0.7182017543859649,0.008735775967085486
263,0.7209429824561403,0.008229404165989005
264,0.7236842105263157,0.007849936944096527
265,0.7264254385964912,0.007621710454576899
266,0.7291666666666666,0.007910433382318251
267,0.731907894736842,0.008793395801048208
268,0.7346491228070176,0.008665557315968015
269,0.737390350877193,0.009907823186699399
270,0.7401315789473684,0.008232069786846721
271,0.7428728070175438,0.008727298600420012
272,0.7456140350877193,0.010130776110111128
273,0.7483552631578947,0.009594976545029603
274,0.7510964912280701,0.007801640361641624
275,0.7538377192982456,0.00953586210315845
276,0.756578947368421,0.010869269197493106
277,0.7593201754385964,0.010872227851780498
278,0.7620614035087719,0.011636754625231852
279,0.7648026315789473,0.011702041096085558
280,0.7675438596491228,0.01122246890078581
281,0.7702850877192982,0.010349302416259417
282,0.7730263157894737,0.010101299594713101
283,0.7757675438596491,0.010290333677175727
284,0.7785087719298245,0.010548598481366033
285,0.78125,0.011268540769258843
286,0.7839912280701754,0.011527131533446236
287,0.7867324561403508,0.010239679518738953
288,0.7894736842105263,0.011161819737784528
289,0.7922149122807017,0.01130253223205475
290,0.7949561403508771,0.009353403552831888
291,0.7976973684210525,0.011241891351323585
292,0.8004385964912281,0.01138995155095268
293,0.8031798245614035,0.012586887925872533
294,0.8059210526315789,0.01239038600498112
295,0.8086622807017544,0.011773578309429343
296,0.8114035087719298,0.010534239626119137
297,0.8141447368421052,0.00970317571657673
298,0.8168859649122806,0.00978364291689831
299,0.8196271929824561,0.009181134136272553
300,0.8223684210526315,0.008808389052347876
301,0.8251096491228069,0.009834966854018582
302,0.8278508771929824,0.011757998259157035
303,0.8305921052631579,0.01188726252652701
304,0.8333333333333333,0.013857099263484149
305,0.8360745614035088,0.016641319477257454
306,0.8388157894736842,0.01571710131538668
307,0.8415570175438596,0.015532118134685411
308,0.844298245614035,0.015767383447856127
309,0.8470394736842105,0.01520693618682376
310,0.8497807017543859,0.014197428435169423
311,0.8525219298245613,0.015225662710577086
312,0.8552631578947368,0.015498655568382015
313,0.8580043859649122,0.015237215360381856
314,0.8607456140350876,0.013505589232155241
315,0.8634868421052632,0.013999987155255156
316,0.8662280701754386,0.013709955799433278
317,0.868969298245614,0.013937798658625492
318,0.8717105263157894,0.015281523312666688
319,0.8744517543859649,0.014669326248182457
320,0.8771929824561403,0.01614198636808562
321,0.8799342105263157,0.01668744046717255
322,0.8826754385964912,0.0166915592894382
323,0.8854166666666666,0.015729515945580634
324,0.888157894736842,0.01766563658852885
325,0.8908991228070174,0.0188937149014173
326,0.893640350877193,0.01945486795740265
327,0.8963815789473684,0.02049510485931283
328,0.8991228070175438,0.022493490102088898
329,0.9018640350877193,0.021469440673537024
330,0.9046052631578947,0.022071033657170922
331,0.9073464912280701,0.023036540977411916
332,0.9100877192982456,0.023234445855533265
333,0.912828947368421,0.020510487039467524
334,0.9155701754385964,0.020092026534019102
335,0.9183114035087718,0.019422187475762725
336,0.9210526315789473,0.018375123725581394
337,0.9237938596491228,0.017935524584190968
338,0.9265350877192982,0.015681142228626193
339,0.9292763157894737,0.0167106194048783
340,0.9320175438596491,0.017232048845850674
341,0.9347587719298245,0.016875431402519445
342,0.9375,0.015108547150480546
343,0.9402412280701754,0.014693507313065813
344,0.9429824561403508,0.013696186758029957
345,0.9457236842105262,0.015004268888714412
346,0.9484649122807017,0.016024807696971132
347,0.9512061403508771,0.01766852471442245
348,0.9539473684210525,0.01691251217234348
349,0.9566885964912281,0.018282420077133228
350,0.9594298245614035,0.0181861836203109
351,0.9621710526315789,0.01713135585323331
352,0.9649122807017543,0.01598506096253085
353,0.9676535087719298,0.01633064391789607
354,0.9703947368421052,0.01635376435946526
355,0.9731359649122806,0.01660028670216176
356,0.9758771929824561,0.018241058640895685
357,0.9786184210526315,0.019190278571959592
358,0.9813596491228069,0.01736494751058
359,0.9841008771929824,0.016576575066372105
360,0.9868421052631579,0.01723350817154342
361,0.9895833333333333,0.017654022429402474
362,0.9923245614035087,0.017563799576541975
363,0.9950657894736842,0.0169557611107221
364,0.9978070175438596,0.017096888795455206
365,1.000548245614035,0.018440726302127015
366,1.0032894736842104,0.01810823598876183
367,1.006030701754386,0.017510929791132487
368,1.0087719298245614,0.017286778219981102
369,1.0115131578947367,0.018702994818281988
370,1.0142543859649122,0.017975444651940856
371,1.0169956140350878,0.018887562023710117
372,1.019736842105263,0.020323844605342718
373,1.0224780701754386,0.02160877846405586
374,1.025219298245614,0.022548410947096312
375,1.0279605263157894,0.023264300933009185
376,1.030701754385965,0.02434706605622496
377,1.0334429824561402,0.02666942034857989
378,1.0361842105263157,0.02513368733120143
379,1.0389254385964912,0.022756455824283005
380,1.0416666666666665,0.022491772105137274
381,1.044407894736842,0.022958221090406225
382,1.0471491228070176,0.022389783790999988
383,1.0498903508771928,0.020878512195030875
384,1.0526315789473684,0.02134899896523889
385,1.0553728070175439,0.01877645521457311
386,1.0581140350877192,0.01705241496911483
387,1.0608552631578947,0.017778450103906426
388,1.0635964912280702,0.01831461437211355
389,1.0663377192982455,0.018561551575306683
390,1.069078947368421,0.017854591843038007
391,1.0718201754385965,0.016583261950582903
392,1.0745614035087718,0.016397933224964734
393,1.0773026315789473,0.016539356730382024
394,1.0800438596491226,0.017071244756905284
395,1.0827850877192982,0.017926454632876954
396,1.0855263157894737,0.019517542254210086
397,1.088267543859649,0.019988791725199944
398,1.0910087719298245,0.020069295118865
399,1.09375,0.019722288949340184
400,1.0964912280701753,0.02236695865991394
401,1.0992324561403508,0.021293435865165248
402,1.1019736842105263,0.020650380252164806
403,1.1047149122807016,0.019121422368029165
404,1.1074561403508771,0.020180734142261757
405,1.1101973684210527,0.018530043541294287
406,1.112938596491228,0.01893040422479932
407,1.1156798245614035,0.01895750250752172
408,1.118421052631579,0.01815014741431438
409,1.1211622807017543,0.018513429693248235
410,1.1239035087719298,0.016020129866930757
411,1.1266447368421053,0.015594811518774928
412,1.1293859649122806,0.015323411525357029
413,1.1321271929824561,0.014397005743658398
414,1.1348684210526314,0.01462595155302291
415,1.137609649122807,0.01597344556978252
416,1.1403508771929824,0.015554571972016991
417,1.1430921052631577,0.016639445910511322
418,1.1458333333333333,0.017049143466736007
419,1.1485745614035088,0.014496154393563507
420,1.151315789473684,0.016370093998908215
421,1.1540570175438596,0.018407581712252888
422,1.156798245614035,0.018112397048611152
423,1.1595394736842104,0.019488327086226814
424,1.162280701754386,0.021699039114239115
425,1.1650219298245614,0.024444466795935343
426,1.1677631578947367,0.0236570072638435
427,1.1705043859649122,0.02342475100647678
428,1.1732456140350878,0.024659534559783074
429,1.175986842105263,0.023993026834773685
430,1.1787280701754386,0.021782956999001925
431,1.1814692982456139,0.023064164022380925
432,1.1842105263157894,0.024326408854861554
433,1.186951754385965,0.023993151973507924
434,1.1896929824561402,0.024229360943664634
435,1.1924342105263157,0.02534173950449388
436,1.1951754385964912,0.026047522685455512
437,1.1979166666666665,0.026195712373601392
438,1.200657894736842,0.026439096338021214
439,1.2033991228070176,0.025757479750711004
440,1.2061403508771928,0.02505831019611046
441,1.2088815789473684,0.027158564902690415
442,1.2116228070175439,0.024303726788109978
443,1.2143640350877192,0.02454610331590743
444,1.2171052631578947,0.024326097416160868
445,1.2198464912280702,0.023090688423979305
446,1.2225877192982455,0.024482274249491762
447,1.225328947368421,0.023191501027388744
448,1.2280701754385963,0.023799173835798628
449,1.2308114035087718,0.022452078492150657
450,1.2335526315789473,0.0222897262046867
451,1.2362938596491226,0.024139812236468123
452,1.2390350877192982,0.022648056646939696
453,1.2417763157894737,0.02397603912575311
454,1.244517543859649,0.024787072962886868
455,1.2472587719298245,0.024222326822529668
456,1.25,0.025841478345676107
457,1.2527412280701753,0.026488986342172286
458,1.2554824561403508,0.024340510533923984
459,1.2582236842105263,0.025933568146000868
460,1.2609649122807016,0.028598755695267847
461,1.2637061403508771,0.03057177007222761
462,1.2664473684210527,0.031027993676008284
463,1.269188596491228,0.03154048245475178
464,1.2719298245614035,0.034228335439978844
465,1.274671052631579,0.032872249588629804
466,1.2774122807017543,0.03233761920544723
467,1.2801535087719298,0.03347383703797826
468,1.282894736842105,0.033282235947040405
469,1.2856359649122806,0.033348936034573076
470,1.2883771929824561,0.034591833423068444
471,1.2911184210526314,0.03531645189227699
472,1.293859649122807,0.03584361121983127
473,1.2966008771929824,0.037971201105586
474,1.2993421052631577,0.037535003308788076
475,1.3020833333333333,0.03858130050849411
476,1.3048245614035088,0.03690104532301064
477,1.307565789473684,0.038925199979572334
478,1.3103070175438596,0.03720566438396081
479,1.313048245614035,0.035254037914053696
480,1.3157894736842104,0.035932105305554435
481,1.318530701754386,0.04004504329867779
482,1.3212719298245614,0.03855358143448541
483,1.3240131578947367,0.03716378377936288
484,1.3267543859649122,0.03549107412983858
485,1.3294956140350875,0.0356066883246124
486,1.332236842105263,0.03601390719729592
487,1.3349780701754386,0.034364438524229324
488,1.3377192982456139,0.03408926250637952
489,1.3404605263157894,0.03326815628453202
490,1.343201754385965,0.03273181479892209
491,1.3459429824561402,0.03271583550066387
492,1.3486842105263157,0.030254682576670404
493,1.3514254385964912,0.030433054446720276
494,1.3541666666666665,0.029294477334955993
495,1.356907894736842,0.030413546753719874
496,1.3596491228070176,0.03078113727382909
497,1.3623903508771928,0.030807862265454764
498,1.3651315789473684,0.0328629938914831
499,1.3678728070175439,0.03283151275212901
500,1.3706140350877192,0.03400117459191253
501,1.3733552631578947,0.03531509921108408
502,1.3760964912280702,0.03403831231732093
503,1.3788377192982455,0.03271630018275348
504,1.381578947368421,0.0339706122354784
505,1.3843201754385963,0.033971652135240234
506,1.3870614035087718,0.035801775054292724
507,1.3898026315789473,0.03376059074315194
508,1.3925438596491226,0.03420071620945536
509,1.3952850877192982,0.036185311216593206
510,1.3980263157894737,0.03811636348143806
511,1.400767543859649,0.03729379226063751
512,1.4035087719298245,0.03782139782133188
513,1.40625,0.03705596265817783
514,1.4089912280701753,0.037932621311080966
515,1.4117324561403508,0.03367817989193636
516,1.4144736842105263,0.03661251703059761
517,1.4172149122807016,0.03954494196928848
518,1.4199561403508771,0.04021789426172817
519,1.4226973684210527,0.0379196490555079
520,1.425438596491228,0.038628865814535694
521,1.4281798245614035,0.03801234358236152
522,1.4309210526315788,0.03531237248660165
523,1.4336622807017543,0.03405861084071061
524,1.4364035087719298,0.034628600329600974
525,1.439144736842105,0.03551696138611386
526,1.4418859649122806,0.03524469774105374
527,1.4446271929824561,0.03322030220234066
528,1.4473684210526314,0.037472182092835565
529,1.450109649122807,0.03616546919919465
530,1.4528508771929824,0.03474085187535189
531,1.4555921052631577,0.03481048359900454
532,1.4583333333333333,0.03417706710802039
533,1.4610745614035088,0.033480963108795225
534,1.463815789473684,0.037305621420715265
535,1.4665570175438596,0.03646110046422638
536,1.469298245614035,0.03894590946588465
537,1.4720394736842104,0.03764257758935107
538,1.474780701754386,0.03697940885775136
539,1.4775219298245614,0.035561817437922486
540,1.4802631578947367,0.035068363629381254
541,1.4830043859649122,0.03181610020015056
542,1.4857456140350875,0.030821149910531573
543,1.488486842105263,0.0273214592313149
544,1.4912280701754386,0.026666154855550076
545,1.4939692982456139,0.026935834992405712
546,1.4967105263157894,0.02683802292840807
547,1.499451754385965,0.027364837790904574
548,1.5021929824561402,0.027118285899032014
549,1.5049342105263157,0.029267875175290364
550,1.5076754385964912,0.029144707913766544
551,1.5104166666666665,0.03014947106917694
552,1.513157894736842,0.030817287752748633
553,1.5158991228070176,0.03199174219334728
554,1.5186403508771928,0.033687569877301864
555,1.5213815789473684,0.038871905463153326
556,1.5241228070175439,0.039048814920295334
557,1.5268640350877192,0.04116158682448559
558,1.5296052631578947,0.04044013505783589
559,1.53234649122807,0.03914112942855252
560,1.5350877192982455,0.038231765083786
561,1.537828947368421,0.04048670565516537
562,1.5405701754385963,0.0390721675148626
563,1.5433114035087718,0.04020727114603493
564,1.5460526315789473,0.0399072085264774
565,1.5487938596491226,0.04030970628436255
566,1.5515350877192982,0.04066497038916023
567,1.5542763157894737,0.04297811413971441
568,1.557017543859649,0.04427883471024271
569,1.5597587719298245,0.04359396984934431
570,1.5625,0.042598726842610166
571,1.5652412280701753,0.04376303102728718
572,1.5679824561403508,0.043577540000584405
573,1.5707236842105263,0.043538200897693724
574,1.5734649122807016,0.04264655546825304
575,1.5762061403508771,0.04214453847663127
576,1.5789473684210527,0.044554777619553655
577,1.581688596491228,0.044772270275928054
578,1.5844298245614035,0.04325835214567076
579,1.5871710526315788,0.044010227072932166
580,1.5899122807017543,0.04161781337484837
581,1.5926535087719298,0.039853562220101606
582,1.595394736842105,0.03984240535020327
583,1.5981359649122806,0.03897516792772321
584,1.6008771929824561,0.03892627836771078
585,1.6036184210526314,0.03814729152349626
586,1.606359649122807,0.03775239643130105
587,1.6091008771929824,0.036235369440302076
588,1.6118421052631577,0.033643237496474
589,1.6145833333333333,0.03321023023148768
590,1.6173245614035088,0.03349298877896283
591,1.620065789473684,0.03298541396094647
592,1.6228070175438596,0.0307404564551466
593,1.625548245614035,0.02962523363300389
594,1.6282894736842104,0.029961588955645727
595,1.631030701754386,0.029924170559852064
596,1.6337719298245612,0.026317403682579326
597,1.6365131578947367,0.026709182526167427
598,1.6392543859649122,0.023553071193393484
599,1.6419956140350875,0.024110043895388046
600,1.644736842105263,0.024885032464399277
601,1.6474780701754386,0.026027982091042075
602,1.6502192982456139,0.025779956599809164
603,1.6529605263157894,0.026483885478031575
604,1.655701754385965,0.02579799179775164
605,1.6584429824561402,0.02698584444123812
606,1.6611842105263157,0.026531174474973506
607,1.6639254385964912,0.02473047272683654
608,1.6666666666666665,0.024400880487879414
609,1.669407894736842,0.024961481331080445
610,1.6721491228070176,0.025050964575491278
611,1.6748903508771928,0.024111189405432807
612,1.6776315789473684,0.02797659110120998
613,1.6803728070175437,0.029342558696644868
614,1.6831140350877192,0.02927419972248817
615,1.6858552631578947,0.025039556000510853
616,1.68859649122807,0.02666409984993577
617,1.6913377192982455,0.02544778396256254
618,1.694078947368421,0.0279629551181097
619,1.6968201754385963,0.030411213888016216
620,1.6995614035087718,0.028514969060585534
621,1.7023026315789473,0.028844296810401262
622,1.7050438596491226,0.02936238670750271
623,1.7077850877192982,0.027280842575082908
624,1.7105263157894737,0.026937592257637075
625,1.713267543859649,0.024472406250849586
626,1.7160087719298245,0.022643125537910952
627,1.71875,0.024146603046567985
628,1.7214912280701753,0.02404338291248881
629,1.7242324561403508,0.022404203013044386
630,1.7269736842105263,0.023379422865699703
631,1.7297149122807016,0.022742421990928217
632,1.7324561403508771,0.024188098122599463
633,1.7351973684210524,0.022486750562976887
634,1.737938596491228,0.02323599787446233
635,1.7406798245614035,0.025240894516902215
636,1.7434210526315788,0.025120941963711584
637,1.7461622807017543,0.02448266788384136
638,1.7489035087719298,0.02316659764536276
639,1.751644736842105,0.023251437545292245
640,1.7543859649122806,0.02224836569753062
641,1.7571271929824561,0.022183138714591374
642,1.7598684210526314,0.02098226586724273
643,1.762609649122807,0.020704382356189488
644,1.7653508771929824,0.019879652683534463
645,1.7680921052631577,0.01879144358492586
646,1.7708333333333333,0.018192073418596834
647,1.7735745614035088,0.01728017503749868
648,1.776315789473684,0.01700158180081026
649,1.7790570175438596,0.016973778396705292
650,1.7817982456140349,0.01711715884119949
651,1.7845394736842104,0.016602782012283882
652,1.787280701754386,0.018528224210198656
653,1.7900219298245612,0.019147625074552036
654,1.7927631578947367,0.018431101787484975
655,1.7955043859649122,0.01723492175798918
656,1.7982456140350875,0.01877262656401828
657,1.800986842105263,0.01736263788212688
658,1.8037280701754386,0.01631709415965291
659,1.8064692982456139,0.015621110342918307
660,1.8092105263157894,0.014731047394597593
661,1.811951754385965,0.014664299931319352
662,1.8146929824561402,0.01648909334733076
663,1.8174342105263157,0.017096497170746423
664,1.8201754385964912,0.017267112138596222
665,1.8229166666666665,0.018897831183695434
666,1.825657894736842,0.01810852707410505
667,1.8283991228070176,0.01996077178654972
668,1.8311403508771928,0.021256996546459395
669,1.8338815789473684,0.022199188970080507
670,1.8366228070175437,0.023576489159195364
671,1.8393640350877192,0.025990797898073514
672,1.8421052631578947,0.023595501105864888
673,1.84484649122807,0.023954052532192988
674,1.8475877192982455,0.023483236896362628
675,1.850328947368421,0.024045078785705828
676,1.8530701754385963,0.0255461935090355
677,1.8558114035087718,0.02268586933477261
678,1.8585526315789473,0.023275362625458613
679,1.8612938596491226,0.021601812870929188
680,1.8640350877192982,0.019514011190415313
681,1.8667763157894737,0.019885426455672393
682,1.869517543859649,0.020320599869660626
683,1.8722587719298245,0.018181358369885
684,1.875,0.01816810701203056
685,1.8777412280701753,0.019006846673256857
686,1.8804824561403508,0.018641045599030393
687,1.883223684210526,0.019789188960028046
688,1.8859649122807016,0.020398121815176546
689,1.8887061403508771,0.022349928710284253
690,1.8914473684210524,0.0210664065291558
691,1.894188596491228,0.02045943459917698
692,1.8969298245614035,0.018895206218308376
693,1.8996710526315788,0.02006815950037163
694,1.9024122807017543,0.01970228698521809
695,1.9051535087719298,0.020630539301571472
696,1.907894736842105,0.02044424876795102
697,1.9106359649122806,0.02222493172909567
698,1.9133771929824561,0.021398766648175978
699,1.9161184210526314,0.02134743820014249
700,1.918859649122807,0.020754854242551777
701,1.9216008771929824,0.020084419520466752
702,1.9243421052631577,0.02063436523303609
703,1.9270833333333333,0.019744645627060135
704,1.9298245614035086,0.018409292071336045
705,1.932565789473684,0.018744703279657732
706,1.9353070175438596,0.018526707873735965
707,1.9380482456140349,0.016874929577952957
708,1.9407894736842104,0.017382665209158363
709,1.943530701754386,0.0169886109060033
710,1.9462719298245612,0.01951527498605525
711,1.9490131578947367,0.020822120654947183
712,1.9517543859649122,0.020292820556505203
713,1.9544956140350875,0.019965844200785725
714,1.957236842105263,0.02088749614989479
715,1.9599780701754386,0.02031679314467477
716,1.9627192982456139,0.019023910806184652
717,1.9654605263157894,0.019492997938944788
718,1.968201754385965,0.019829369422996696
719,1.9709429824561402,0.020670435008225192
720,1.9736842105263157,0.018952519955948974
721,1.9764254385964912,0.020329147113192354
722,1.9791666666666665,0.020404516893040403
723,1.981907894736842,0.02004671675547907
724,1.9846491228070173,0.01919198246790004
725,1.9873903508771928,0.018577115128600195
726,1.9901315789473684,0.018639292072027698
727,1.9928728070175437,0.01861818844936204
728,1.9956140350877192,0.019654574234752205
729,1.9983552631578947,0.018092154601806406
730,2.00109649122807,0.018495591651473492
731,2.0038377192982457,0.020866683407163286
732,2.006578947368421,0.019929320328106816
733,2.0093201754385963,0.018381972111875425
734,2.012061403508772,0.01946843723148736
735,2.0148026315789473,0.020252859766834067
736,2.017543859649123,0.018027059279982507
737,2.020285087719298,0.017649228550677028
738,2.0230263157894735,0.019985202022813894
739,2.025767543859649,0.02182749548508476
740,2.0285087719298245,0.022959447179229042
741,2.03125,0.022620829783954112
742,2.0339912280701755,0.023592312018586865
743,2.0367324561403506,0.023142460303172664
744,2.039473684210526,0.02374634396695861
745,2.0422149122807016,0.024174254898510782
746,2.044956140350877,0.024061065175059012
747,2.0476973684210527,0.024258269469976602
748,2.050438596491228,0.022322376736309667
749,2.0531798245614032,0.024000826328954897
750,2.0559210526315788,0.023117752440266884
751,2.0586622807017543,0.02286258780682389
752,2.06140350877193,0.021478109186917987
753,2.0641447368421053,0.02033957022589756
754,2.0668859649122804,0.022114749107172274
755,2.069627192982456,0.023844542061280005
756,2.0723684210526314,0.02418422634127728
757,2.075109649122807,0.024352631511704144
758,2.0778508771929824,0.02445140269683843
759,2.080592105263158,0.02371579466821441
760,2.083333333333333,0.02390525795042939
761,2.0860745614035086,0.023636350901255293
762,2.088815789473684,0.022879214356550198
763,2.0915570175438596,0.02261554026163908
764,2.094298245614035,0.02386148413994951
765,2.0970394736842106,0.023656892423108457
766,2.0997807017543857,0.02386838996906545
767,2.102521929824561,0.02514218071636899
768,2.1052631578947367,0.0281506181513114
769,2.1080043859649122,0.02954215686577301
770,2.1107456140350878,0.02860187909517138
771,2.113486842105263,0.02906251399057152
772,2.1162280701754383,0.031577410387565286
773,2.118969298245614,0.027147256633298474
774,2.1217105263157894,0.028168471002708594
775,2.124451754385965,0.02600422951981035
776,2.1271929824561404,0.02566764086640079
777,2.1299342105263155,0.025973513126495255
778,2.132675438596491,0.024706230786755753
779,2.1354166666666665,0.023543278560689735
780,2.138157894736842,0.024812283169798
781,2.1408991228070176,0.028017525756341904
782,2.143640350877193,0.02822050194596492
783,2.146381578947368,0.028077695679020305
784,2.1491228070175437,0.025895303203318648
785,2.151864035087719,0.025224503227388704
786,2.1546052631578947,0.024731260056093926
787,2.15734649122807,0.026087273403912502
788,2.1600877192982453,0.025293039175849984
789,2.162828947368421,0.024577210130040297
790,2.1655701754385963,0.02458179970839368
791,2.168311403508772,0.024584916205601035
792,2.1710526315789473,0.02626046597104129
793,2.173793859649123,0.026937662260528718
794,2.176535087719298,0.02609992216719235
795,2.1792763157894735,0.024171067662572047
796,2.182017543859649,0.02499811770224656
797,2.1847587719298245,0.023447203023598436
798,2.1875,0.023523847148855467
799,2.1902412280701755,0.025631627181263727
800,2.1929824561403506,0.02343080906788302
801,2.195723684210526,0.024146042225118233
802,2.1984649122807016,0.02275709136724572
803,2.201206140350877,0.021930787302349968
804,2.2039473684210527,0.021345754171608524
805,2.2066885964912277,0.020060557129679742
806,2.2094298245614032,0.020498762961596424
807,2.2121710526315788,0.01961597217893117
808,2.2149122807017543,0.018646518947403847
809,2.21765350877193,0.0178386391756424
810,2.2203947368421053,0.019665399121548528
811,2.2231359649122804,0.02047673789606543
812,2.225877192982456,0.022460744065156912
813,2.2286184210526314,0.022192438510468995
814,2.231359649122807,0.020873863330938113
815,2.2341008771929824,0.018848144796558906
816,2.236842105263158,0.0193234495987608
817,2.239583333333333,0.01647229886856236
818,2.2423245614035086,0.017825366934972643
819,2.245065789473684,0.017744240126857717
820,2.2478070175438596,0.017167636830458605
821,2.250548245614035,0.01872563505046581
822,2.2532894736842106,0.018303555398832563
823,2.2560307017543857,0.016574160058189277
824,2.258771929824561,0.016127202166823666
825,2.2615131578947367,0.015211891840563796
826,2.2642543859649122,0.014452310079737985
827,2.2669956140350878,0.015048197576717019
828,2.269736842105263,0.014588037836011928
829,2.2724780701754383,0.015182576903816247
830,2.275219298245614,0.016269367876341822
831,2.2779605263157894,0.016791238950764432
832,2.280701754385965,0.017545608952145606
833,2.2834429824561404,0.01810578201589038
834,2.2861842105263155,0.015531183330067628
835,2.288925438596491,0.014846459938016851
836,2.2916666666666665,0.013537643181782083
837,2.294407894736842,0.012434610594891652
838,2.2971491228070176,0.010981372381837063
839,2.299890350877193,0.009776447288708004
840,2.302631578947368,0.011045579967031795
841,2.3053728070175437,0.011736136628857256
842,2.308114035087719,0.012062903640899876
843,2.3108552631578947,0.013913278520528377
844,2.31359649122807,0.015229361258649477
845,2.3163377192982453,0.014868639524899254
846,2.319078947368421,0.0160567768474
847,2.3218201754385963,0.015132312930757449
848,2.324561403508772,0.01676776216878542
849,2.3273026315789473,0.01719386343500115
850,2.330043859649123,0.01739323023391249
851,2.332785087719298,0.01755734282761764
852,2.3355263157894735,0.01643569010626488
853,2.338267543859649,0.015385050290203206
854,2.3410087719298245,0.017288230305898312
855,2.34375,0.0196184594543069
856,2.3464912280701755,0.01736262096510926
857,2.3492324561403506,0.018841754872404155
858,2.351973684210526,0.020678602329990397
859,2.3547149122807016,0.020814811956472227
860,2.357456140350877,0.020721525671485642
861,2.3601973684210527,0.021506248203465125
862,2.3629385964912277,0.02225595659052478
863,2.3656798245614032,0.021399635550056237
864,2.3684210526315788,0.01921905080384482
865,2.3711622807017543,0.02040063305373649
866,2.37390350877193,0.02112230019002035
867,2.3766447368421053,0.020999874302168067
868,2.3793859649122804,0.02040577059012609
869,2.382127192982456,0.019667927516545527
870,2.3848684210526314,0.020611412183114852
871,2.387609649122807,0.021283284383940906
872,2.3903508771929824,0.021338616307886384
873,2.393092105263158,0.019722731728423
874,2.395833333333333,0.021187056788158666
875,2.3985745614035086,0.01963685574647852
876,2.401315789473684,0.01812604241793586
877,2.4040570175438596,0.020212772112344485
878,2.406798245614035,0.021282198865607997
879,2.40953947368421,0.02052397414370445
880,2.4122807017543857,0.022744558791828778
881,2.415021929824561,0.023808664379436215
882,2.4177631578947367,0.02428397183843633
883,2.4205043859649122,0.024284356289033998
884,2.4232456140350878,0.02495564788905703
885,2.425986842105263,0.024256155513918163
886,2.4287280701754383,0.02383069594433894
887,2.431469298245614,0.02365125806338144
888,2.4342105263157894,0.022004565510566197
889,2.436951754385965,0.020735357456956937
890,2.4396929824561404,0.019125279661299822
891,2.4424342105263155,0.019639608320887823
892,2.445175438596491,0.02159942786915727
893,2.4479166666666665,0.022107590196169927
894,2.450657894736842,0.02354874443931839
895,2.4533991228070176,0.02522338783344685
896,2.4561403508771926,0.023653192005688037
897,2.458881578947368,0.026167536820332078
898,2.4616228070175437,0.026483149408299603
899,2.464364035087719,0.027667914618934017
900,2.4671052631578947,0.027281685855793155
901,2.46984649122807,0.02940255928621471
902,2.4725877192982453,0.03028580977238923
903,2.475328947368421,0.03101097377958566
904,2.4780701754385963,0.0328154313468667
905,2.480811403508772,0.034196544118708816
906,2.4835526315789473,0.032199219167067666
907,2.486293859649123,0.03243808014618973
908,2.489035087719298,0.0334927821581254
909,2.4917763157894735,0.033808677690002516
910,2.494517543859649,0.03267499675324852
911,2.4972587719298245,0.033036687254356836
912,2.5,0.03384487624716692
913,2.5027412280701755,0.033859865802759535
914,2.5054824561403506,0.033676610541738455
915,2.508223684210526,0.03361504283781439
916,2.5109649122807016,0.03265916348988487
917,2.513706140350877,0.035009507448170336
918,2.5164473684210527,0.0333473592471104
919,2.5191885964912277,0.034542014590911566
920,2.5219298245614032,0.034595666913167386
921,2.5246710526315788,0.03479695001850497
922,2.5274122807017543,0.034734956712526785
923,2.53015350877193,0.03344954048071961
924,2.5328947368421053,0.030738326412703833
925,2.5356359649122804,0.030391077382732206
926,2.538377192982456,0.029332342536003492
927,2.5411184210526314,0.030306421689308926
928,2.543859649122807,0.028594226951749593
929,2.5466008771929824,0.029826062781703563
930,2.549342105263158,0.028499923365223896
931,2.552083333333333,0.027629356748865064
932,2.5548245614035086,0.027353055200481414
933,2.557565789473684,0.027787662559547028
934,2.5603070175438596,0.027787415322087554
935,2.563048245614035,0.02733806599003314
936,2.56578947368421,0.02665913546546562
937,2.5685307017543857,0.028354373293654953
938,2.571271929824561,0.02901281820151506
939,2.5740131578947367,0.029099787758449718
940,2.5767543859649122,0.02737440742125571
941,2.5794956140350878,0.028726039618406782
942,2.582236842105263,0.028995275966345276
943,2.5849780701754383,0.026679838113139405
944,2.587719298245614,0.024976738062258433
945,2.5904605263157894,0.022935559448602524
946,2.593201754385965,0.024863392992230973
947,2.5959429824561404,0.025467719753371615
948,2.5986842105263155,0.024781757510180642
949,2.601425438596491,0.02388276613099577
950,2.6041666666666665,0.0195463922982101
951,2.606907894736842,0.019755454768454923
952,2.6096491228070176,0.021351689540394486
953,2.6123903508771926,0.023029090110528297
954,2.615131578947368,0.022173330082272666
955,2.6178728070175437,0.022049647213688423
956,2.620614035087719,0.020857849934825215
957,2.6233552631578947,0.021794161295350212
958,2.62609649122807,0.0199303252492722
959,2.6288377192982453,0.018906395017242228
960,2.631578947368421,0.019717230599008026
961,2.6343201754385963,0.01884486103272597
962,2.637061403508772,0.020047588144729428
963,2.6398026315789473,0.019106417450871997
964,2.642543859649123,0.019596063805770423
965,2.645285087719298,0.019572768570402837
966,2.6480263157894735,0.020444146006028962
967,2.650767543859649,0.0214133278933652
968,2.6535087719298245,0.02125535546572617
969,2.65625,0.02123606439285703
970,2.658991228070175,0.020300427519686824
971,2.6617324561403506,0.02113612286632989
972,2.664473684210526,0.020457341928375384
973,2.6672149122807016,0.019750417661722638
974,2.669956140350877,0.020285673091261874
975,2.6726973684210527,0.022802702391810554
976,2.6754385964912277,0.021551485849315592
977,2.6781798245614032,0.020333359558002303
978,2.6809210526315788,0.02198069194382099
979,2.6836622807017543,0.021892156450303558
980,2.68640350877193,0.02370838838941875
981,2.6891447368421053,0.02366570859906117
982,2.6918859649122804,0.023474770651170603
983,2.694627192982456,0.023486882225396005
984,2.6973684210526314,0.025209136919921715
985,2.700109649122807,0.028358027252942206
986,2.7028508771929824,0.02679480472491993
987,2.705592105263158,0.026372059340290098
988,2.708333333333333,0.025854686597836192
989,2.7110745614035086,0.02756768198905406
990,2.713815789473684,0.027296751727803048
991,2.7165570175438596,0.0263589749492559
992,2.719298245614035,0.026628061463096948
993,2.72203947368421,0.02707437108564067
994,2.7247807017543857,0.028385550697842113
995,2.727521929824561,0.02805757402473379
996,2.7302631578947367,0.027669155202072776
997,2.7330043859649122,0.025420191336783204
998,2.7357456140350878,0.02538347740635934
999,2.738486842105263,0.028057316809003825
1000,2.7412280701754383,0.02761822625094795
1001,2.743969298245614,0.027687847305983684
1002,2.7467105263157894,0.02951315911418464
1003,2.749451754385965,0.03115143210956495
1004,2.7521929824561404,0.029951728312932403
1005,2.7549342105263155,0.030969145324410873
1006,2.757675438596491,0.031162189799150277
1007,2.7604166666666665,0.02863146553145482
1008,2.763157894736842,0.028167273831521466
1009,2.7658991228070176,0.027444698222969424
1010,2.7686403508771926,0.026328341443914233
1011,2.771381578947368,0.026654529458886366
1012,2.7741228070175437,0.02712724480263723
1013,2.776864035087719,0.02689277533180062
1014,2.7796052631578947,0.030115450741255653
1015,2.78234649122807,0.02859450883851033
1016,2.7850877192982453,0.028795588157486996
1017,2.787828947368421,0.02791110229118232
1018,2.7905701754385963,0.027145914070797007
1019,2.793311403508772,0.027403993276594332
1020,2.7960526315789473,0.026812829069526107
1021,2.798793859649123,0.027413874905215598
1022,2.801535087719298,0.027262566865130587
1023,2.8042763157894735,0.027693482166554602
1024,2.807017543859649,0.026835614745969925
1025,2.8097587719298245,0.025127012207098856
1026,2.8125,0.02729104444188075
1027,2.815241228070175,0.027559233362401098
1028,2.8179824561403506,0.02865685635995833
1029,2.820723684210526,0.02864323817682587
1030,2.8234649122807016,0.02762714596165686
1031,2.826206140350877,0.026335449946962946
1032,2.8289473684210527,0.026975168923001527
1033,2.8316885964912277,0.026672471778875474
1034,2.8344298245614032,0.02774069237830178
1035,2.8371710526315788,0.02778549725824452
1036,2.8399122807017543,0.029751993629937648
1037,2.84265350877193,0.02978323569809473
1038,2.8453947368421053,0.028710451176996943
1039,2.8481359649122804,0.02875916539221839
1040,2.850877192982456,0.03144480472971661
1041,2.8536184210526314,0.031671133518910016
1042,2.856359649122807,0.033179666292866616
1043,2.8591008771929824,0.035400839186470905
1044,2.8618421052631575,0.03476666432120894
1045,2.864583333333333,0.0345012843839282
1046,2.8673245614035086,0.0367066858962886
1047,2.870065789473684,0.03662404252344002
1048,2.8728070175438596,0.037989592766958354
1049,2.875548245614035,0.03744828359461942
1050,2.87828947368421,0.03482615659343123
1051,2.8810307017543857,0.03418058531335186
1052,2.883771929824561,0.03407296963071379
1053,2.8865131578947367,0.03593328224906366
1054,2.8892543859649122,0.035583687909564024
1055,2.8919956140350878,0.035931884300863325
1056,2.894736842105263,0.035688917532527495
1057,2.8974780701754383,0.031531991788355355
1058,2.900219298245614,0.028785566801127566
1059,2.9029605263157894,0.02837587465157877
1060,2.905701754385965,0.028585546690608882
1061,2.90844298245614,0.028673165528531653
1062,2.9111842105263155,0.027412578411733977
1063,2.913925438596491,0.031799090452460904
1064,2.9166666666666665,0.03177595117844575
1065,2.919407894736842,0.031537564822115983
1066,2.9221491228070176,0.031066424756122427
1067,2.9248903508771926,0.029711780429193254
1068,2.927631578947368,0.030845221265461478
1069,2.9303728070175437,0.030939865064826894
1070,2.933114035087719,0.031074266393860232
1071,2.9358552631578947,0.03192855538406752
1072,2.93859649122807,0.0317216332497312
1073,2.9413377192982453,0.03342961875121728
1074,2.944078947368421,0.03347907799649575
1075,2.9468201754385963,0.03294203946487263
1076,2.949561403508772,0.03390745630528632
1077,2.9523026315789473,0.03368930949646351
1078,2.955043859649123,0.03524495793524343
1079,2.957785087719298,0.032872307933855316
1080,2.9605263157894735,0.03557587377534169
1081,2.963267543859649,0.0336724288066284
1082,2.9660087719298245,0.03315230269730601
1083,2.96875,0.03250948013140445
1084,2.971491228070175,0.031502744731066276
1085,2.9742324561403506,0.033499860397753045
1086,2.976973684210526,0.034208158066674425
1087,2.9797149122807016,0.032375470234311275
1088,2.982456140350877,0.032165185895052885
1089,2.9851973684210527,0.03160169303930255
1090,2.9879385964912277,0.029815661324470714
1091,2.9906798245614032,0.027803110438482062
1092,2.9934210526315788,0.02742866398117682
1093,2.9961622807017543,0.027794581911382028
1094,2.99890350877193,0.02724925360329832
1095,3.0016447368421053,0.028041111165836758
1096,3.0043859649122804,0.027499080608684407
1097,3.007127192982456,0.027664035419666805
1098,3.0098684210526314,0.027530027809034668
1099,3.012609649122807,0.029130721425654964
1100,3.0153508771929824,0.028092761511867775
1101,3.0180921052631575,0.026581157756610435
1102,3.020833333333333,0.02809871678409874
1103,3.0235745614035086,0.028582547749541675
1104,3.026315789473684,0.028487402076306685
1105,3.0290570175438596,0.031106816994358945
1106,3.031798245614035,0.03161370903336183
1107,3.03453947368421,0.03196358918221593
1108,3.0372807017543857,0.031015829911542475
1109,3.040021929824561,0.03355745963405893
1110,3.0427631578947367,0.03342589745792956
1111,3.0455043859649122,0.03540220403503737
1112,3.0482456140350878,0.03579686216077508
1113,3.050986842105263,0.03614774135821786
1114,3.0537280701754383,0.03642990904103664
1115,3.056469298245614,0.03639918117705408
1116,3.0592105263157894,0.03528779386433642
1117,3.061951754385965,0.035372603520534764
1118,3.06469298245614,0.034036238542884185
1119,3.0674342105263155,0.035708337255042195
1120,3.070175438596491,0.03274143210036667
1121,3.0729166666666665,0.03537540120021448
1122,3.075657894736842,0.037842926819149816
1123,3.0783991228070176,0.03712545767273812
1124,3.0811403508771926,0.038184358123728994
1125,3.083881578947368,0.03730434582475884
1126,3.0866228070175437,0.03720812488640065
1127,3.089364035087719,0.04050919753740828
1128,3.0921052631578947,0.04186388770431249
1129,3.09484649122807,0.04260548931681792
1130,3.0975877192982453,0.040351718157497496
1131,3.100328947368421,0.04403795871224337
1132,3.1030701754385963,0.042745010482988254
1133,3.105811403508772,0.043541749284390044
1134,3.1085526315789473,0.04164809659226203
1135,3.1112938596491224,0.04242818917088671
1136,3.114035087719298,0.04066206531656786
1137,3.1167763157894735,0.038520329041376464
1138,3.119517543859649,0.03899502499548945
1139,3.1222587719298245,0.038944437823296055
1140,3.125,0.03982712424269576
1141,3.127741228070175,0.039848174140197236
1142,3.1304824561403506,0.037421475975132595
1143,3.133223684210526,0.03953998100233896
1144,3.1359649122807016,0.03987773136163293
1145,3.138706140350877,0.04151120705564116
1146,3.1414473684210527,0.03710513289305863
1147,3.1441885964912277,0.03587691737931571
1148,3.1469298245614032,0.03641961768353367
1149,3.1496710526315788,0.03824924756826555
1150,3.1524122807017543,0.04064795645115948
1151,3.15515350877193,0.04295514878515068
1152,3.1578947368421053,0.040519482869262845
1153,3.1606359649122804,0.039692185091158225
1154,3.163377192982456,0.039310950864058385
1155,3.1661184210526314,0.03753852255381646
1156,3.168859649122807,0.037754044899253096
1157,3.1716008771929824,0.03668936948765943
1158,3.1743421052631575,0.037116543421239184
1159,3.177083333333333,0.037880085927441846
1160,3.1798245614035086,0.03774063048327761
1161,3.182565789473684,0.03755869085836406
1162,3.1853070175438596,0.039104383973020726
1163,3.188048245614035,0.038510582871636966
1164,3.19078947368421,0.03641732674574201
1165,3.1935307017543857,0.03697560822666911
1166,3.196271929824561,0.03766464529609546
1167,3.1990131578947367,0.03869349393627015
1168,3.2017543859649122,0.03912963417032856
1169,3.2044956140350878,0.040504741024282635
1170,3.207236842105263,0.04144942641367173
1171,3.2099780701754383,0.04099810674769187
1172,3.212719298245614,0.0372322607336486
1173,3.2154605263157894,0.03894309103927568
1174,3.218201754385965,0.03897202661694667
1175,3.22094298245614,0.04273012511264691
1176,3.2236842105263155,0.04358391220645613
1177,3.226425438596491,0.041822445784629514
1178,3.2291666666666665,0.04523531818882766
1179,3.231907894736842,0.04485408244631621
1180,3.2346491228070176,0.04316120768854908
1181,3.2373903508771926,0.041799836636945475
1182,3.240131578947368,0.042133601196828296
1183,3.2428728070175437,0.04406352983777961
1184,3.245614035087719,0.04070409095682418
1185,3.2483552631578947,0.042271115247725276
1186,3.25109649122807,0.04142160612960601
1187,3.2538377192982453,0.040846553645462455
1188,3.256578947368421,0.03950247231540157
1189,3.2593201754385963,0.046107029099658206
1190,3.262061403508772,0.045082673645518115
1191,3.2648026315789473,0.04263991702144675
1192,3.2675438596491224,0.042088203756203264
1193,3.270285087719298,0.04064580063723519
1194,3.2730263157894735,0.04108796370433876
1195,3.275767543859649,0.04042069347868726
1196,3.2785087719298245,0.040708005983956824
1197,3.28125,0.04005292685272217
1198,3.283991228070175,0.03945158859969339
1199,3.2867324561403506,0.03892349394733543
1200,3.289473684210526,0.04163286490805448
1201,3.2922149122807016,0.04002115206032771
1202,3.294956140350877,0.04001150213391183
1203,3.2976973684210527,0.040254056513201936
1204,3.3004385964912277,0.04086422822485339
1205,3.3031798245614032,0.039322192891421165
1206,3.3059210526315788,0.03735598010710911
1207,3.3086622807017543,0.03628942520845714
1208,3.31140350877193,0.036228050200371266
1209,3.314144736842105,0.035221838942384336
1210,3.3168859649122804,0.03364298934319458
1211,3.319627192982456,0.03414248920755651
1212,3.3223684210526314,0.035876177223731744
1213,3.325109649122807,0.036596458476620485
1214,3.3278508771929824,0.03779102373130202
1215,3.3305921052631575,0.037748682156190844
1216,3.333333333333333,0.03811176713420164
1217,3.3360745614035086,0.0390095366287375
1218,3.338815789473684,0.0395579476692696
1219,3.3415570175438596,0.04169550673956652
1220,3.344298245614035,0.041848153403312036
1221,3.34703947368421,0.04003040177976468
1222,3.3497807017543857,0.04063577569478532
1223,3.352521929824561,0.04242066059619604
1224,3.3552631578947367,0.041878860652864294
1225,3.3580043859649122,0.04147286663353736
1226,3.3607456140350873,0.041691473239216306
1227,3.363486842105263,0.042122134650408795
1228,3.3662280701754383,0.0419253099205657
1229,3.368969298245614,0.04190897264280481
1230,3.3717105263157894,0.038189258008053305
1231,3.374451754385965,0.03656242116338361
1232,3.37719298245614,0.035478387509037264
1233,3.3799342105263155,0.03706768115272068
1234,3.382675438596491,0.03496954570347833
1235,3.3854166666666665,0.03269967794113459
1236,3.388157894736842,0.031914771489948715
1237,3.3908991228070176,0.032904244414434236
1238,3.3936403508771926,0.030426450050586275
1239,3.396381578947368,0.03059470537989468
1240,3.3991228070175437,0.030725435983868014
1241,3.401864035087719,0.03063297292651118
1242,3.4046052631578947,0.029854861591117346
1243,3.40734649122807,0.02968688518819349
1244,3.4100877192982453,0.029029847981437533
1245,3.412828947368421,0.027987629528026664
1246,3.4155701754385963,0.027771852557085436
1247,3.418311403508772,0.027628286404792833
1248,3.4210526315789473,0.027082593338229623
1249,3.4237938596491224,0.026599789198725708
1250,3.426535087719298,0.026503136798812173
1251,3.4292763157894735,0.02681474251370107
1252,3.432017543859649,0.02567379172751765
1253,3.4347587719298245,0.025054432282647338
1254,3.4375,0.02453680321932268
1255,3.440241228070175,0.024741381636186117
1256,3.4429824561403506,0.023912116578603777
1257,3.445723684210526,0.023438027062911263
1258,3.4484649122807016,0.022723921227428626
1259,3.451206140350877,0.021769042532588673
1260,3.4539473684210527,0.02221016780688828
1261,3.4566885964912277,0.0202154093760314
1262,3.4594298245614032,0.02128087992901844
1263,3.4621710526315788,0.022413259450414134
1264,3.4649122807017543,0.022420840388479545
1265,3.46765350877193,0.021171000975903805
1266,3.470394736842105,0.017741981807546176
1267,3.4731359649122804,0.019537047383263676
1268,3.475877192982456,0.019288507613454804
1269,3.4786184210526314,0.018076559014395997
1270,3.481359649122807,0.01826500086078404
1271,3.4841008771929824,0.020473405805344465
1272,3.4868421052631575,0.023151692238961855
1273,3.489583333333333,0.02262572202990955
1274,3.4923245614035086,0.022911669184001098
1275,3.495065789473684,0.023077242211012924
1276,3.4978070175438596,0.024015261667929666
1277,3.500548245614035,0.022873798378858452
1278,3.50328947368421,0.024817187405148516
1279,3.5060307017543857,0.02596262850275935
1280,3.508771929824561,0.024211929171084254
1281,3.5115131578947367,0.0244302575506813
1282,3.5142543859649122,0.02495163458375541
1283,3.5169956140350873,0.026411251387731698
1284,3.519736842105263,0.02511288695265724
1285,3.5224780701754383,0.024395158618682827
1286,3.525219298245614,0.02678763075092525
1287,3.5279605263157894,0.028797918172721336
1288,3.530701754385965,0.031208572181721447
1289,3.53344298245614,0.030652033351334516
1290,3.5361842105263155,0.030656560603580695
1291,3.538925438596491,0.03270685566456703
1292,3.5416666666666665,0.032573276328706866
1293,3.544407894736842,0.03141657063335586
1294,3.5471491228070176,0.032663987251840235
1295,3.5498903508771926,0.033540700300771754
1296,3.552631578947368,0.03034002914315719
1297,3.5553728070175437,0.02928365782597512
1298,3.558114035087719,0.029416548198697864
1299,3.5608552631578947,0.030100160185805566
1300,3.5635964912280698,0.03349173417079933
1301,3.5663377192982453,0.03380374392540558
1302,3.569078947368421,0.031992050576796924
1303,3.5718201754385963,0.033277493004243944
1304,3.574561403508772,0.0336034887529761
1305,3.5773026315789473,0.03392469888908912
1306,3.5800438596491224,0.03639569827782135
1307,3.582785087719298,0.03703522494622568
1308,3.5855263157894735,0.03724238387000323
1309,3.588267543859649,0.0326453662666193
1310,3.5910087719298245,0.032687184612253686
1311,3.59375,0.03471562790201085
1312,3.596491228070175,0.034195618261502324
1313,3.5992324561403506,0.035225100396002594
1314,3.601973684210526,0.0359741469427894
1315,3.6047149122807016,0.03872410815946125
1316,3.607456140350877,0.03706424762947989
1317,3.610197368421052,0.03653169661697163
1318,3.6129385964912277,0.0343763460478903
1319,3.6156798245614032,0.03447752646695376
1320,3.6184210526315788,0.033304133608497336
1321,3.6211622807017543,0.030696570341796514
1322,3.62390350877193,0.028850538925829755
1323,3.626644736842105,0.02579608372758474
1324,3.6293859649122804,0.026685465904989263
1325,3.632127192982456,0.026889772348409932
1326,3.6348684210526314,0.027789359361991367
1327,3.637609649122807,0.026353042143215683
1328,3.6403508771929824,0.02677754791990033
1329,3.6430921052631575,0.02660161329565553
1330,3.645833333333333,0.02634888175977449
1331,3.6485745614035086,0.02721451751972266
1332,3.651315789473684,0.029208024550640605
1333,3.6540570175438596,0.026800889732851448
1334,3.656798245614035,0.02888250799845412
1335,3.65953947368421,0.028778367558617648
1336,3.6622807017543857,0.02784936261436598
1337,3.665021929824561,0.02778300663672846
1338,3.6677631578947367,0.026878684747093706
1339,3.6705043859649122,0.028068114675777512
1340,3.6732456140350873,0.027088687229438232
1341,3.675986842105263,0.02723913707109747
1342,3.6787280701754383,0.026164389507565104
1343,3.681469298245614,0.025588247692994
1344,3.6842105263157894,0.02416698273391614
1345,3.686951754385965,0.026213131402799978
1346,3.68969298245614,0.027115045577535184
1347,3.6924342105263155,0.028163300549262586
1348,3.695175438596491,0.028238504349075936
1349,3.6979166666666665,0.027176205910204688
1350,3.700657894736842,0.028383766140659007
1351,3.7033991228070176,0.02812207911552483
1352,3.7061403508771926,0.028008655165685594
1353,3.708881578947368,0.02813017544027238
1354,3.7116228070175437,0.028023509474877428
1355,3.714364035087719,0.026828160512416713
1356,3.7171052631578947,0.02673963384353803
1357,3.7198464912280698,0.022271337281837722
1358,3.7225877192982453,0.021262282991849207
1359,3.725328947368421,0.02066388425481903
1360,3.7280701754385963,0.020441114101539204
1361,3.730811403508772,0.020385778002560348
1362,3.7335526315789473,0.02116135452255081
1363,3.7362938596491224,0.022311836097557866
1364,3.739035087719298,0.023812420329717775
1365,3.7417763157894735,0.02422536765655335
1366,3.744517543859649,0.023222225587234534
1367,3.7472587719298245,0.022778589367354708
1368,3.75,0.020261507651686352
1369,3.752741228070175,0.02082739942607975
1370,3.7554824561403506,0.022653196669524336
1371,3.758223684210526,0.024243375999243536
1372,3.7609649122807016,0.020079718804331154
1373,3.763706140350877,0.01927988166501986
1374,3.766447368421052,0.021225524411651608
1375,3.7691885964912277,0.021828636715379008
1376,3.7719298245614032,0.020532950355374138
1377,3.7746710526315788,0.020457808362912316
1378,3.7774122807017543,0.02261639474734101
1379,3.78015350877193,0.020033666559488666
1380,3.782894736842105,0.018594641566456776
1381,3.7856359649122804,0.018960518780264227
1382,3.788377192982456,0.020734097543241663
1383,3.7911184210526314,0.020877428308760528
1384,3.793859649122807,0.02391009021242463
1385,3.7966008771929824,0.0252346465206508
1386,3.7993421052631575,0.026427619955102677
1387,3.802083333333333,0.027372630886689495
1388,3.8048245614035086,0.027216429579520994
1389,3.807565789473684,0.02633742635968724
1390,3.8103070175438596,0.02806660627834298
1391,3.8130482456140347,0.027045065503503402
1392,3.81578947368421,0.028585836683065843
1393,3.8185307017543857,0.029553447271702577
1394,3.821271929824561,0.02916136619034902
1395,3.8240131578947367,0.029887588244183715
1396,3.8267543859649122,0.027803346889514878
1397,3.8294956140350873,0.02622943101723625
1398,3.832236842105263,0.027468584636550077
1399,3.8349780701754383,0.027893208771414137
1400,3.837719298245614,0.02631547913509499
1401,3.8404605263157894,0.026397653061352125
1402,3.843201754385965,0.02717849521162164
1403,3.84594298245614,0.028934780623190402
1404,3.8486842105263155,0.02802337740633584
1405,3.851425438596491,0.02958822728235118
1406,3.8541666666666665,0.031450422246584384
1407,3.856907894736842,0.03484757414046887
1408,3.859649122807017,0.0330003595999593
1409,3.8623903508771926,0.03419830613663931
1410,3.865131578947368,0.035403296325111695
1411,3.8678728070175437,0.036476194783733075
1412,3.870614035087719,0.03660088010564015
1413,3.8733552631578947,0.038514730388172894
1414,3.8760964912280698,0.038395355458374365
1415,3.8788377192982453,0.03904718812723562
1416,3.881578947368421,0.03736619912406157
1417,3.8843201754385963,0.03717465587015862
1418,3.887061403508772,0.03517657142093976
1419,3.8898026315789473,0.0323000132415225
1420,3.8925438596491224,0.03336754084498797
1421,3.895285087719298,0.03349477790741955
1422,3.8980263157894735,0.034901775038448005
1423,3.900767543859649,0.03420884687252643
1424,3.9035087719298245,0.03372345917233735
1425,3.90625,0.032139611615756625
1426,3.908991228070175,0.03294963287673982
1427,3.9117324561403506,0.03268049563051913
1428,3.914473684210526,0.03241502609620264
1429,3.9172149122807016,0.031421500662307845
1430,3.919956140350877,0.03162546666920564
1431,3.922697368421052,0.031393909349252076
1432,3.9254385964912277,0.03278505430816884
1433,3.9281798245614032,0.03270087589831543
1434,3.9309210526315788,0.030579500105004258
1435,3.9336622807017543,0.03116175725341687
1436,3.93640350877193,0.028646460525056015
1437,3.939144736842105,0.027555326728092654
1438,3.9418859649122804,0.028748882921516988
1439,3.944627192982456,0.029516855303903588
1440,3.9473684210526314,0.028111984163568592
1441,3.950109649122807,0.027628093491042633
1442,3.9528508771929824,0.028151990390775827
1443,3.9555921052631575,0.02854139233305919
1444,3.958333333333333,0.03104965293232757
1445,3.9610745614035086,0.03464473447516916
1446,3.963815789473684,0.034645569036867135
1447,3.9665570175438596,0.03572374897064399
1448,3.9692982456140347,0.038552880514066426
1449,3.97203947368421,0.041808014038769076
1450,3.9747807017543857,0.04162617673904724
1451,3.977521929824561,0.04151640248161331
1452,3.9802631578947367,0.04006530372184977
1453,3.9830043859649122,0.042071842353332785
1454,3.9857456140350873,0.04418392028622577
1455,3.988486842105263,0.0448642345203821
1456,3.9912280701754383,0.045412648734769
1457,3.993969298245614,0.04605352303957315
1458,3.9967105263157894,0.04480744825734837
1459,3.999451754385965,0.04455922074451517
1460,4.00219298245614,0.0421504926996842
1461,4.004934210526316,0.04321724324634893
1462,4.0076754385964914,0.04467588671473576
1463,4.010416666666666,0.04272157675391964
1464,4.013157894736842,0.04553493722679018
1465,4.015899122807017,0.04527041036769546
1466,4.018640350877193,0.044182972257019795
1467,4.021381578947368,0.04486265810447975
1468,4.024122807017544,0.04123004304375253
1469,4.026864035087719,0.03980603724646468
1470,4.029605263157895,0.03857747958371866
1471,4.03234649122807,0.039070096969496815
1472,4.035087719298246,0.03870122488610184
1473,4.037828947368421,0.03805246322297065
1474,4.040570175438596,0.03850458745075742
1475,4.043311403508771,0.03951082503415078
1476,4.046052631578947,0.03970826372158546
1477,4.048793859649122,0.0399763661202103
1478,4.051535087719298,0.04095625882831884
1479,4.0542763157894735,0.039239985209900616
1480,4.057017543859649,0.04036855864870476
1481,4.0597587719298245,0.040609590700311345
1482,4.0625,0.040496365663303176
1483,4.0652412280701755,0.042014180315127624
1484,4.067982456140351,0.04441626655281551
1485,4.070723684210526,0.04475112647103022
1486,4.073464912280701,0.042725921637035966
1487,4.076206140350877,0.04515657496145612
1488,4.078947368421052,0.04507938136884985
1489,4.081688596491228,0.04895842919969334
1490,4.084429824561403,0.04806784392124626
1491,4.087171052631579,0.04788748088846264
1492,4.089912280701754,0.049462000058436636
1493,4.09265350877193,0.045099284445301736
1494,4.095394736842105,0.0423940879611829
1495,4.098135964912281,0.04154732182160551
1496,4.100877192982456,0.04169681438938048
1497,4.103618421052631,0.03985310088048659
1498,4.1063596491228065,0.039465622428060496
1499,4.109100877192982,0.03752830398276786
1500,4.1118421052631575,0.03802643139246065
1501,4.114583333333333,0.035608497430109645
1502,4.1173245614035086,0.0368199133689026
1503,4.120065789473684,0.03355502851572134
1504,4.12280701754386,0.03351912153632944
1505,4.125548245614035,0.034484480453091694
1506,4.128289473684211,0.034517535251309114
1507,4.131030701754386,0.03382931635634467
1508,4.133771929824561,0.03333716585635339
1509,4.136513157894736,0.033540279873600094
1510,4.139254385964912,0.03384780336395497
1511,4.141995614035087,0.03372085644347249
1512,4.144736842105263,0.034442365411327266
1513,4.147478070175438,0.0356125036367207
1514,4.150219298245614,0.03489337080053285
1515,4.152960526315789,0.03731088814536205
1516,4.155701754385965,0.03909292263341264
1517,4.15844298245614,0.04011813988096716
1518,4.161184210526316,0.04003123313401584
1519,4.163925438596491,0.04054889521748338
1520,4.166666666666666,0.04001531227236738
1521,4.169407894736842,0.04068936949057716
1522,4.172149122807017,0.041307526113618785
1523,4.174890350877193,0.04227404371824025
1524,4.177631578947368,0.04054589287803241
1525,4.180372807017544,0.03826691445954636
1526,4.183114035087719,0.040563413980688884
1527,4.185855263157895,0.041047081576906896
1528,4.18859649122807,0.04028615459562062
1529,4.191337719298246,0.040466771631128946
1530,4.194078947368421,0.04232459872261771
1531,4.196820175438596,0.044371825899120254
1532,4.199561403508771,0.04226401650845604
1533,4.202302631578947,0.043105235410604986
1534,4.205043859649122,0.044700529771697466
1535,4.207785087719298,0.04207217507062525
1536,4.2105263157894735,0.04451023483563918
1537,4.213267543859649,0.04541535686741768
1538,4.2160087719298245,0.043983518939533756
1539,4.21875,0.04138755793669545
1540,4.2214912280701755,0.038623784012435
1541,4.224232456140351,0.037641914927052045
1542,4.226973684210526,0.03763896377191333
1543,4.229714912280701,0.03790470719973993
1544,4.232456140350877,0.03772808933317167
1545,4.235197368421052,0.0364788090998828
1546,4.237938596491228,0.03492335700579473
1547,4.240679824561403,0.03272104409004577
1548,4.243421052631579,0.03354365565011401
1549,4.246162280701754,0.03534976706612786
1550,4.24890350877193,0.034733302486744444
1551,4.251644736842105,0.03159479475337523
1552,4.254385964912281,0.029550681763209356
1553,4.257127192982456,0.02625060899258172
1554,4.259868421052631,0.02324924074466518
1555,4.2626096491228065,0.024873175885473914
1556,4.265350877192982,0.02473879335422551
1557,4.2680921052631575,0.02444198865803899
1558,4.270833333333333,0.02571560046106171
1559,4.2735745614035086,0.02528698610608439
1560,4.276315789473684,0.024620585639294226
1561,4.27905701754386,0.024744889290143814
1562,4.281798245614035,0.02272924875591709
1563,4.284539473684211,0.02168746247093542
1564,4.287280701754386,0.02102622951083205
1565,4.290021929824561,0.020360576285042776
1566,4.292763157894736,0.019574183088754957
1567,4.295504385964912,0.019515865155016167
1568,4.298245614035087,0.018594373448614306
1569,4.300986842105263,0.018528280831745143
1570,4.303728070175438,0.020027793386133915
1571,4.306469298245614,0.0204421723548027
1572,4.309210526315789,0.019025025999042995
1573,4.311951754385965,0.020945964852846093
1574,4.31469298245614,0.020679700598732528
1575,4.317434210526316,0.020487449869012388
1576,4.320175438596491,0.02153443888534451
1577,4.322916666666666,0.02162654481786951
1578,4.325657894736842,0.02044488253817332
1579,4.328399122807017,0.01994735780810405
1580,4.331140350877193,0.02035509466184938
1581,4.333881578947368,0.019649380778552775
1582,4.336622807017544,0.020016106528441664
1583,4.339364035087719,0.020274935959332815
1584,4.342105263157895,0.02085015620564965
1585,4.34484649122807,0.021241278997847078
1586,4.347587719298246,0.02283552410941286
1587,4.350328947368421,0.02434029229805843
1588,4.353070175438596,0.023549069849353062
1589,4.355811403508771,0.0260085720106146
1590,4.358552631578947,0.02613825572332853
1591,4.361293859649122,0.026761757766552968
1592,4.364035087719298,0.02822428918283831
1593,4.3667763157894735,0.027765733289660057
1594,4.369517543859649,0.031212755017410655
1595,4.3722587719298245,0.0304584726866232
1596,4.375,0.031027322741839797
1597,4.3777412280701755,0.032684232759317984
1598,4.380482456140351,0.03234739510200935
1599,4.383223684210526,0.0345134397416381
1600,4.385964912280701,0.03363630567063349
1601,4.388706140350877,0.031528163337482075
1602,4.391447368421052,0.03391385340130541
1603,4.394188596491228,0.032024826688007366
1604,4.396929824561403,0.030785880885442794
1605,4.399671052631579,0.03031205692011036
1606,4.402412280701754,0.029148489660170574
1607,4.40515350877193,0.029913685858853456
1608,4.407894736842105,0.028560897458341103
1609,4.410635964912281,0.030744873993287167
1610,4.4133771929824555,0.02901077064277898
1611,4.416118421052631,0.03034227194218442
1612,4.4188596491228065,0.029951408949071327
1613,4.421600877192982,0.03035019737461971
1614,4.4243421052631575,0.030100527193510588
1615,4.427083333333333,0.02699306793393733
1616,4.4298245614035086,0.030194373470570055
1617,4.432565789473684,0.030710404942215955
1618,4.43530701754386,0.0282043242298682
1619,4.438048245614035,0.028205941861395245
1620,4.440789473684211,0.02619232239999508
1621,4.443530701754386,0.02520105164454654
1622,4.446271929824561,0.025876242051927942
1623,4.449013157894736,0.025544601174240858
1624,4.451754385964912,0.026508746519717873
1625,4.454495614035087,0.027805045114636058
1626,4.457236842105263,0.02677480972467412
1627,4.459978070175438,0.025647246690593574
1628,4.462719298245614,0.026266075564137018
1629,4.465460526315789,0.028368862899958144
1630,4.468201754385965,0.026445797066706907
1631,4.47094298245614,0.028286281285855103
1632,4.473684210526316,0.027535352176817605
1633,4.476425438596491,0.027038549696004707
1634,4.479166666666666,0.0277915372868059
1635,4.481907894736842,0.026609832492875893
1636,4.484649122807017,0.028348937400952387
1637,4.487390350877193,0.025800579389129608
1638,4.490131578947368,0.02532544190985588
1639,4.492872807017544,0.025133474546331927
1640,4.495614035087719,0.025562406901209395
1641,4.498355263157895,0.026338100270292247
1642,4.50109649122807,0.025051304609993573
1643,4.503837719298246,0.02568853153693678
1644,4.506578947368421,0.027989019383456208
1645,4.509320175438596,0.028864761336296958
1646,4.512061403508771,0.028272514749021083
1647,4.514802631578947,0.029311453777168858
1648,4.517543859649122,0.025990040266583626
1649,4.520285087719298,0.02668218155195144
1650,4.5230263157894735,0.02886665177366764
1651,4.525767543859649,0.02878562423816834
1652,4.5285087719298245,0.028616496889769097
1653,4.53125,0.02868859910812097
1654,4.5339912280701755,0.02894463848994255
1655,4.536732456140351,0.031133072268058393
1656,4.539473684210526,0.031396525438840486
1657,4.542214912280701,0.0326845270251156
1658,4.544956140350877,0.0347302575889272
1659,4.547697368421052,0.036357748252721506
1660,4.550438596491228,0.03864664260531487
1661,4.553179824561403,0.037010304704346124
1662,4.555921052631579,0.03696351550910973
1663,4.558662280701754,0.03824736273743942
1664,4.56140350877193,0.036983638033177946
1665,4.564144736842105,0.03927780132486447
1666,4.566885964912281,0.04099334362258227
1667,4.5696271929824555,0.04160632957325212
1668,4.572368421052631,0.039093409107247096
1669,4.5751096491228065,0.041257432149568354
1670,4.577850877192982,0.04056803560706707
1671,4.5805921052631575,0.041944004227347405
1672,4.583333333333333,0.044738545632044824
1673,4.5860745614035086,0.04365430961174252
1674,4.588815789473684,0.04289444474688232
1675,4.59155701754386,0.04213978905298987
1676,4.594298245614035,0.04170162063436398
1677,4.597039473684211,0.04025025456461498
1678,4.599780701754386,0.039029147833596914
1679,4.602521929824561,0.038418193628346434
1680,4.605263157894736,0.03915722103944531
1681,4.608004385964912,0.04112812231638531
1682,4.610745614035087,0.04030990674495696
1683,4.613486842105263,0.04158709481532393
1684,4.616228070175438,0.0444924266052832
1685,4.618969298245614,0.044390417011939895
1686,4.621710526315789,0.04738275576735083
1687,4.624451754385965,0.04611748713232765
1688,4.62719298245614,0.048903265105256666
1689,4.629934210526316,0.04805859225626672
1690,4.632675438596491,0.04821674127142032
1691,4.635416666666666,0.04952382923633601
1692,4.638157894736842,0.05194002457076932
1693,4.640899122807017,0.053373424750672555
1694,4.643640350877193,0.0559341483807822
1695,4.646381578947368,0.05095712033521291
1696,4.649122807017544,0.053272337687527024
1697,4.651864035087719,0.052970401856970745
1698,4.654605263157895,0.04987342577573122
1699,4.65734649122807,0.05086225704844828
1700,4.660087719298246,0.04951924563951044
1701,4.66282894736842,0.049537392794058166
1702,4.665570175438596,0.04845628806281256
1703,4.668311403508771,0.051630576201099655
1704,4.671052631578947,0.05039847289100809
1705,4.673793859649122,0.04982153655634547
1706,4.676535087719298,0.05120610590897838
1707,4.6792763157894735,0.05073235127695934
1708,4.682017543859649,0.04880609518472312
1709,4.6847587719298245,0.04728850617516093
1710,4.6875,0.047818739531363015
1711,4.6902412280701755,0.04663805125584866
1712,4.692982456140351,0.046432984973399344
1713,4.695723684210526,0.04514845959684738
1714,4.698464912280701,0.04831227738310382
1715,4.701206140350877,0.05057348570754622
1716,4.703947368421052,0.04933900528094244
1717,4.706688596491228,0.04970422737998569
1718,4.709429824561403,0.05063868978003475
1719,4.712171052631579,0.052909464478685955
1720,4.714912280701754,0.054412385486292666
1721,4.71765350877193,0.05801824001982625
1722,4.720394736842105,0.05719839949037114
1723,4.723135964912281,0.05601861232848748
1724,4.7258771929824555,0.05786643254577924
1725,4.728618421052631,0.053311185213108264
1726,4.7313596491228065,0.053591351968726046
1727,4.734100877192982,0.055231593966338706
1728,4.7368421052631575,0.05311391230552006
1729,4.739583333333333,0.053390986995669056
1730,4.7423245614035086,0.05681838090120432
1731,4.745065789473684,0.055362876034920225
1732,4.74780701754386,0.0530099759048271
1733,4.750548245614035,0.05380711335302804
1734,4.753289473684211,0.05070928705778222
1735,4.756030701754386,0.05215910700550797
1736,4.758771929824561,0.05163682800268276
1737,4.761513157894736,0.05083770018644643
1738,4.764254385964912,0.048260334876682236
1739,4.766995614035087,0.04537071924962779
1740,4.769736842105263,0.04703904880489964
1741,4.772478070175438,0.045998092813406645
1742,4.775219298245614,0.04801071197647936
1743,4.777960526315789,0.0493176305192661
1744,4.780701754385965,0.049981050912544525
1745,4.78344298245614,0.04692476198249875
1746,4.786184210526316,0.04557521906205306
1747,4.788925438596491,0.04705861882470923
1748,4.791666666666666,0.04632951025205273
1749,4.794407894736842,0.04752319973336741
1750,4.797149122807017,0.04821877348053983
1751,4.799890350877193,0.04971042396140618
1752,4.802631578947368,0.0506521719127492
1753,4.805372807017544,0.05157588645344047
1754,4.808114035087719,0.05119757181342589
1755,4.810855263157895,0.05023173239834073
1756,4.81359649122807,0.05283648230311284
1757,4.816337719298246,0.051762933232525433
1758,4.81907894736842,0.0513726237323443
1759,4.821820175438596,0.05611761916157113
1760,4.824561403508771,0.05394688330871245
1761,4.827302631578947,0.05093655278285544
1762,4.830043859649122,0.051705636796771606
1763,4.832785087719298,0.05079947988876147
1764,4.8355263157894735,0.05379182966786412
1765,4.838267543859649,0.05076481259679935
1766,4.8410087719298245,0.047888449584707664
1767,4.84375,0.04937306985605649
1768,4.8464912280701755,0.049185104462529244
1769,4.849232456140351,0.052304581866368216
1770,4.851973684210526,0.05052136897521825
1771,4.854714912280701,0.05082711270427759
1772,4.857456140350877,0.05141053791770541
1773,4.860197368421052,0.05113583662179627
1774,4.862938596491228,0.05105686970660576
1775,4.865679824561403,0.05168784485127757
1776,4.868421052631579,0.052546984125869195
1777,4.871162280701754,0.056228748476310444
1778,4.87390350877193,0.057458878340055974
1779,4.876644736842105,0.05455793905802484
1780,4.879385964912281,0.05444159621515889
1781,4.8821271929824555,0.05297304660386643
1782,4.884868421052631,0.05412665475035255
1783,4.8876096491228065,0.05236391002487801
1784,4.890350877192982,0.0533283959938226
1785,4.8930921052631575,0.05287682811823859
1786,4.895833333333333,0.05125084909918494
1787,4.8985745614035086,0.05175756261469746
1788,4.901315789473684,0.05102678999071647
1789,4.90405701754386,0.04792993113449306
1790,4.906798245614035,0.049922243578834215
1791,4.909539473684211,0.04730219541433589
1792,4.912280701754385,0.04708309984899585
1793,4.915021929824561,0.04531782553173085
1794,4.917763157894736,0.0444783795861872
1795,4.920504385964912,0.042404218254627084
1796,4.923245614035087,0.04507047873259924
1797,4.925986842105263,0.041670779997927704
1798,4.928728070175438,0.04189388448486014
1799,4.931469298245614,0.041955843812283906
1800,4.934210526315789,0.04104112371914568
1801,4.936951754385965,0.039116077329760975
1802,4.93969298245614,0.03617509096336288
1803,4.942434210526316,0.03962706870701815
1804,4.945175438596491,0.038259624240171736
1805,4.947916666666666,0.041518092807798265
1806,4.950657894736842,0.04256007713732606
1807,4.953399122807017,0.04091141935539708
1808,4.956140350877193,0.040892819736969115
1809,4.958881578947368,0.041758266314572856
1810,4.961622807017544,0.04330020350294561
1811,4.964364035087719,0.04378489504798083
1812,4.967105263157895,0.04439545367675502
1813,4.96984649122807,0.04530873500796637
1814,4.972587719298246,0.04433570260556265
1815,4.97532894736842,0.04373359837885459
1816,4.978070175438596,0.04499668619218801
1817,4.980811403508771,0.045018450506963605
1818,4.983552631578947,0.04661342168029641
1819,4.986293859649122,0.04649766038200408
1820,4.989035087719298,0.04537994515465878
1821,4.9917763157894735,0.041831697974444734
1822,4.994517543859649,0.039780670766777444
1823,4.9972587719298245,0.04017551490532505
1824,5.0,0.04181703073869884
